Ground Truth,Predicted
dbw,dbw
orq,orq
b0hsho2n,b0hsho2n
n5vdw,n5vdw
lof3,lof3
z2vz52rgpg,z2vz52rgpy
r6q9,r6q9
34qd4mtrh,34qd4mtrh
m4xoti,m4xoti
v35uoi2,v35uoi2
h4bg54jj5,h4bg54j5
0dewvm,0dewvm
48nbp6wmv,48nbp6wm
7guwe,7guwe
u39c,u39c
md78z2l,md78z2l
zdd,zdd
s9gg9,s9gg9
txfxe,txfxe
d62nnsjavo,d62nnsjavc
ob6dc8m,ob6dc8m
mr6z81,mr6z81
l6nbjs7,l6nbjs7
1sgu,1sgu
jjao5,jao5
rc4sl6,rc4sl6
hulo4ls,hulo4ls
ckcu3,ckcu3
eyu8,eyu8
5zlzaz0ob,5zlzaz0ob
jqodwi,jqodwi
0h0zav5,0h0zav5
qostjow44q,qostjow44q
7bqvb,7bqvb
yj47735be,yj47735be
sv2m,sv2m
yz3fsuy,yz3fsuy
4mj2ye6d7,4mj2ye6d7
y00hb,y00hb
qqe11hvvi,qqe11hvvi
t6po5yow6,t6po5yow6
y3zh3o3gki,y3zh3o3gks
0393ghle,0393ghle
4tnn,4tnn
t4pslt7ys2,t4pslt7ys2
s22,s22
hl2hbz,hl2hbz
sz1j,sz1j
eafo9f,eafo9f
b9ic,b9ic
nyw7mryi23,nyw7mryi2
npgp2jdx,npgp2jdx
4alx01z,4alx01z
w80ud5,w80ud5
ag3q,ag3q
jebf7bnn,jebf7bnn
3euomn3em,3euomn3e
4e8,4e8
ywoze,ywoze
ip9qm7,ip9qm7
p60,p60
eezp6sp5ad,eezp6sp5a
s7fx,s7fx
3bl4,3bl4
wuat6a17r,wuat6a17
qknit58s,qknit58s
sbq89v8cc,sbq89v8cc
125g7,125g7
ds1z1453jr,ds1z1453jh
5j69k302m6,5j69k302m
jymd3ipk,jymd3ipk
mlhfp27,mlhfp27
wxfj1cn0,wxfj1cn0
ysb,ysb
ol2b,ol2b
mxl8m7f,mxl8m7f
e3i,e3i
s3lwijze,s3lwijze
r9ii1g52mo,r9i1g52md
yunud,yunud
edjyvdzz4,edjyvdzz4
473te5yn,473te5yn
qaq,qaq
z21xic,z21xic
7qmg3jw3,7qmg3jw3
r229kmrr8,r229kmrr8
k7zsg0n6t,k7zsg0n6t
uwzxuni9,uwzxuni9
25r5jb3,25r5jb3
x2q67hosxy,x2q67hosxs
79d2,79d2
9tf,9tf
9g9np3,9g9np3
xnc5nn1wv,xnc5nn1ww
lq4d,lq4d
nrf958,nrf958
3izln7,3izln7
oj0e7nr7,oj0e7nr7
5me01zv,5me01zv
31m,31m
hpmstk,hpmstk
jwb66i,jwb66i
skkg9,skkg9
92t,92t
spsrgjwr78,spsrgjwr78
ofhcx,ofhcx
6wj,6wj
6fzfeu3hk,6fzfeu3hk
aneex97t9,aneex97t9
k87g8rx0la,k87g8rx0la
fsrm,fsrm
e6oxzk4n,e6oxzk4n
iou1lw2co,iou1lw2co
74o5rh,74o5rh
dugky88d0,dugky88d0
vv1a0ym2,vv1a0ym2
hctayfyb,hctayfyb
3zbe,3zbe
lsb0uzvs0,lsb0uzvs0
of6,of6
wjgb2nf,wjgb2nf
6l8s0bcru,6l8s0bcru
dgtjx,dgtjx
tp9f3jb,tp9f3jb
tctgsc5z3,tctgsc5z3
0nn329fa,0nn329fa
wg7s,wg7s
hkemiq6dsm,hkemiq6ds
2d8n,2d8n
r0lzqgb,r0lzqgb
07jd0h02lr,07jd0h02lr
7ynkglnojj,7ynkglnoj
ehlh20b,ehlh20b
rntbv36b,rntbv36b
3ro5lrxo1s,3ro5lrxo1s
db5c807zb,db5c807zb
u65q05,u65q05
x0kd,x0kd
a2d0w,a2d0w
w6is2l,w6is2l
3ssu,3ssu
x7wk20dxn,x7wk20dxn
vvlt8chbeg,vvlt8chbeg
aaab713bs,aaab713bs
agzr,agzr
g59sbs,g59sbs
g9uf63jdj,g9uf63jdj
qwy,qwy
pvgzft7,pvgzft7
pl9xfwnov8,pl9xfwnov8
sshwa6npcq,sshwa6npq
5kt88e,5kt88e
1mn2poky,1mn2poky
u2v,u2v
07m4x7,07m4x7
z8q810p,z8q810p
pwrorrkn,pwrorrkn
db1ddhmkq4,db1ddhmk
p574hxsw,p574hxsw
ei4s,ei4s
hpty8am,hpty8am
mjljza,mjljza
2e8l3,2e8l3
38w7vjw4,38w7vjw4
jxtczdoore,jxtczdoore
1y4paq2b,1y4paq2b
na2gfsn9jp,na2gfsn9jp
x6b1fwub8r,x6b1fwub8
5lu650gi,5lu650gi
s5uhp,s5uhp
enxssbhl2z,enxssbhl2z
b120x1hvn,b120x1hvn
54d,54d
1js5e4o1,1js5e4o1
47h42d3whw,47h42d3wl
dq2w35n8g,dq2w35n8s
ugmnx,ugmnx
wabwbh,wabwbh
s53a,s53a
4uxzvu,4uxzvu
gwsi0k1b,gwsi0k1b
tiz,tiz
3uc0pckhg,3uc0pckhg
lfnem2,lfnem2
49sy8v,49sy8v
j80m,j80m
baq0,baq0
0gb93,0gb93
bgfzn8z8,bgfzn8z8
9tasc7x3wr,9tasc7x3w
7aycyjm8b1,7aycyjm8b
xexh56dv9m,xexh56dv9
3n2do9exo,3n2do9exd
35tfw,35tfw
xf3wp,xf3wp
h4f0a0,h4f0a0
felz,felz
a6mt4osk,a6mt4osk
zjbuje,zjbuje
pt7k,pt7k
fjb24shn8,fjb24shn8
mixkfq9p,mixkfq9p
bzt,bzt
gz7fde,gz7fde
laa6,laa6
1mga,1mga
lhbfo9x,lhbfo9x
29ky,29ky
dmpzdbc,dmpzdbc
qtzqei2ku,qtzqei2ku
nb1,nb1
pesm,pesm
nqpt9l16,nqpt9l16
jm0yr7tn,jm0yr7tn
1f5mm,1f5mm
1dyma,1dyma
v5dh,v5dh
rvl4,rvl4
brj,brj
okg,okg
c0ypjn4kk7,c0ypjn4kk7
lor,lor
bsg5c,bsg5c
hvgaio,hvgaio
0t2lb,0t2lb
haijskwcn,haijskwcn
655u,655u
2p9th,2p9th
7ndd3,7ndd3
qr8,qr8
yavlg3,yavlg3
2kpoo6g9l,2kpoo6g9l
h8nm6sot,h8nm6sot
uiq57,uiq57
9e01zpjesj,9e01zpjesj
tnys88dw58,tnys88dw5
smj,smj
hsj,hsj
zk9r07epxt,zk9r07epxt
0voscpy,0voscpy
cyhjk6r8,cyhjk6r8
sjmch,sjmch
5la,5la
dkm1louc8,dkm1louc8
948ppah,948ppah
boa7tx,boa7tx
e7yj,e7yj
01k4l1w1o,01k4l1w1od
87l3na,87l3na
85a19d37ft,85a19d37f
a8fjx,a8fjx
y8zdmtm7,y8zdmtm7
5otk0v1y2g,5otk0v1y2g
3w5v79u,3w5v79u
zrp187,zrp187
b3objfgjmt,b3objfgjmt
lgug02op2,lgug02op2
36y5c,36y5c
3vt6kf,3vt6kf
hjj,hj
bsw2i07ekl,bsw2i07eks
wb1vl1cz,wb1vl1cz
zu0n6b0n0,zu0n6b0n0
puatos1l,puatos1l
bbg,bbg
frawg,frawg
n080d,n080d
2ei16gs1m,2ei16gs1m
ipr8lb79,ipr8lb79
lexsp,lexsp
h0n8ldx9,h0n8ldx9
88ko,88ko
qk3,qk3
2vmzlun,2vmzlun
kpt2lj8jb,kpt2lj8jb
iv6gi70hp,iv6gi70hp
wcuc,wcuc
rtb13qpql5,rtb13qpql5
u8l1k9,u8l1k9
770cxhr,770cxhr
k8r2dybmoz,k8r2dybmd
9em7z,9em7z
hf9,hf9
oja4ri0ac,oja4ri0ac
irio0zg,irio0zg
hfun55x,hfun55x
vrjwn,vrjwn
pgg8ym,pgg8ym
c2g,c2g
osi79pl,osi79pl
car3iob,car3iob
s7hg6tu2,s7hg6tu2
6x4,6x4
a2wj56qfx,a2wj56qfx
ygankmc,ygankmc
7ut4ziqx,7ut4ziqx
hm0mg4,hm0mg4
38v9d5pgy,38v9d5pgy
vhlyn2y,vhlyn2y
kh0fak,kh0fak
tplz81wykw,tplz81wykw
jofhe,jofhe
b7u,b7u
nsm7myi,nsm7myi
l4dxm8zrz,l4dxm8zrz
1hjpyv,1hjpyv
8luw,8luw
ypuqo3,ypuqo3
uebfo2,uebfo2
hbv,hbv
8cy,8cy
mxoyt0vt,mxoyt0vt
xljz,xljz
itc84d,itc84d
ivq9bm,ivq9bm
7m8,7m8
vzgwo,vzgwo
ypph8,ypph8
kol19o,kol19o
5qgnlaft,5qgnlaft
8zmsa3i,8zmsa3i
y9r8h,y9r8h
czk5e3dl7,czk5e3dl7
qsa7m,qsa7m
s09qiodud,s09qiodud
hfi3o2,hfi3o2
rg9yf,rg9yf
neo5dbws21,neo5dbws0
gvavawor,gvavawor
xieiov6yln,xieiov6yln
95fa40d5,95fa40d5
l5zl,l5zl
ipugu0xaq,ipugu0xaq
c6qev,c6qev
ook,ook
1i7h0,1i7h0
1ks,1ks
b03ykp8,b03ykp8
2lngk5,2lngk5
oao,oao
7945j,7945j
g3g0b3oi,g3g0b3oi
1db06hk51,1db06hk51
q5ym9b2,q5ym9b2
9r0pa5hm,9r0pa5hm
q0dth6f,q0dth6f
pbesxc7ye,pbesxc7ye
3gbm413sos,3gbm413s
lwtfy,lwtfy
xil54,xil54
mk6,mk6
vjff2np6i6,vjff2np6i6
xe6,xe6
av1iylr,av1iylr
dxvrf,dxvrf
8qe,8qe
4gf8qmxc,4gf8qmxc
oz7en4jp2,oz7en4jp2
h95b9a,h95b9a
10iyi,10iyi
23zq94ux,23zq94ux
asgq,asgq
ozq,ozq
vtwmg96,vtwmg96
xlpj87x91,xlpj87x91
m6m5q2,m6m5q2
iqsu7n2d,iqsu7n2d
42iam,42iam
f164u,f164u
j7k342zq06,j7k342zq06
1xrozrwvnl,1xrozrwvnl
ida2,ida2
77m3b3vkue,77m3b3vk
j41jwvtzt,j41jwvtzt
vm7m4jheya,vm7m4jhey
4bc,4bc
njt8ie03c,njt8ie03c
ktmyjskaj,ktmyjskaj
5tr,5tr
lctsbth5s7,lctsbth5s7
nlqkyvf,nlqkyvf
oyo3xsyq,oyo3xsyq
48jsuhpeb,48jsuhpeb
921,921
vjlk399,vjlk399
tywdd3h,tywdd3h
9vpv5iuu,9vpv5iuu
ms7bcyt,ms7bcyt
wgdt203yv7,wgdt203yve
30ff7y5,30f7y5
slhg6g404j,slhg6g404j
814yyt69,814yyt69
9fpeefgeg,9fpeefgeg
7iw,7iw
rf4,rf4
yhvx8vn72,yhvx8vn72
r27vb48,r27vb48
2mn8wslqf,2mn8wslqf
wud371jy,wud371jy
9uz2w909w,9uz2w909w
xmt,xmt
oexbo8h,oexbo8h
ytqw9k6tys,ytqw9k6tys
wpjvnp,wpjvnp
hdw2oudl9,hdw2oudl9
crgo3,crgo3
w0ce,w0ce
1vv,1vv
sha,sha
npk470kqc,npk470kqd
c15jwkn,c15jwkn
6uy8ft,6uy8ft
2c5ymow35,2c5ymow3
ajotg2ihe,ajotg2ihe
6uw,6uw
7panz6gok9,7panz6gok
oi3zrrtif,oi3zrtif
yih8d13cor,yih8d13cor
w5o42,w5o42
eb5,eb5
j9hl9k,j9hl9k
0ibqi85ts,0ibqi85ts
egzbiru,egzbiru
zqadln5n,zqadln5n
m4d38iq5,m4d38iq5
p56q9hjlj4,p56q9hjlj4
db5f,db5f
jagq,jagq
a2twlepp3,a2twlepp3
0jsk0,0jsk0
y1h,y1h
y1b63o,y1b63o
bid20jg,bid20jg
2vy3u,2vy3u
f5gxn5,f5gxn5
zspt,zspt
zwjg9yax10,zwjg9yax1
v6en7k5l,v6en7k5l
7l9,7l9
h8o,h8o
izada,izada
89qkmj,89qkmj
yr6mzjff,yr6mzjf
du8vp768zb,du8vp768z
5w2dwbgxhz,5w2dwbgxs
r3qj4ni1,r3qj4ni1
a38y541tf,a38y541tf
bwe2kgtupy,bwe2kgtup
v3y3162w,v3y3162w
i6r9,i6r9
ob1uejk,ob1uejk
acu8286dii,acu8286di
oi3hlkq,oi3hlkq
kfc99sdui,kfc99sdui
4du1wko,4du1wko
decl7n,decl7n
9nd6fpxn4,9nd6fpxn4
ddc,ddc
rlvfniep,rlvfniep
ylffvxfpb,ylffvxfpb
p8t5w,p8t5w
zmsl,zmsl
o0a5s2,o0a5s2
zzu9b54,zzu9b54
lwpuf2,lwpuf2
09r,09r
fpkc,fpkc
s7i6gxgnai,s7i6gxgnai
4mj,4mj
ylm3uge1,ylm3uge1
6vs1fytd3o,6vs1fytd3d
7p8mc5,7p8mc5
j17a2y,j17a2y
99vq,99vq
ovvdic,ovvdic
73hrto2k,73hrto2k
81bgrtfo,81bgrtfo
cimscxqess,cimscxqes
sv0uc,sv0uc
9cewju0513,9cewju051
q0o3843m,q0o3843m
vamz,vamz
hb29,hb29
pcf9clt,pcf9ct
jr6,jr6
konmhm,konmhm
c8samb6fw5,c8samb6fw
p7ddvo,p7ddvo
qvxoy6ol30,qvxoy6ol30
oes84eqd,oes84eqd
bqf,bqf
4s8bd3g,4s8bd3g
n3glofr,n3glofr
56p69u,56p69u
cdf51bn,cdf51bn
xdzkuxj,xdzkuxj
8uils,8uils
kri4g,kri4g
xdcgtpln63,xdcgtpln63
s0bv9v5la,s0bv9v5la
nx1om,nx1om
0se,0se
xjzr,xjzr
44entx58,44entx58
u83lq6a07j,u83lq6a07j
xzsvw4pp3f,xzsvw4pp3
hx5x,hx5x
0sul,0sul
rumzomxto5,rumzomxtd
5kqfrw75,5kqfnw75
5zkf,5zkf
5dl5,5dl5
jwxtsclkcu,jwxtsclkcu
g8h6,g8h6
lr9s4g6qps,lr9s4g6qps
c9n7ridyf,c9n7ridyf
1dt7zu,1dt7zu
iw9,iw9
v9il0rjg,v9il0rjg
fqvyqh1hqh,fqvyqh1hqj
wcpnr8v,wcpnr8v
tz2qat,tz2qat
elj8c,elj8c
hn8c1u45,hn8c1u45
wuisaysk,wuisaysk
qo7s,qo7s
z1bccv,z1bccv
gsr7cs,gsr7cs
nhjk,nhjk
0046cl,0046cl
lp7m43sp,lp7m43sp
win2c60xr,win2c60xr
elsln6fr1i,elsln6fr1i
x1jnkj9,x1jnkj9
7kv0,7kv0
v95nga,v95nga
sb2m3q2,sb2m3q2
vfmo8q4w,vfmo8q4w
i8mp,i8mp
6r0,6r0
ukq,ukq
lvr,lvr
g6vta9v0yh,g6vta9v0yh
rpd,rpd
9x238q7kkm,9x238q7kks
27ztpw,27ztpw
6851yrr,6851yrr
qgpn,qgpn
q26x8ixa3,q26x8ixa3
hiytea,hiytea
fg7fx,fg7fx
u6sty7n7,u6sty7n7
65ph0dv8m8,65ph0dv8n
eji8,eji8
vjt70u,vjt70u
o4swp,o4swp
czjjen8,czjen8
zmysqm,zmysqm
yo0acvwrz,yo0acvwrz
yeijq5m,yeijq5m
oin5aci9h2,oin5aci9h2
ac3ks3p,ac3ks3p
lusa,lusa
d6u,d6u
66yx,66yx
z5k390pbrr,z5k390pbrn
oo7vlnzdg,oo7vlnzdg
xmu,xmu
3nvw86a,3nvw86a
7bhu6e,7bhu6e
rny429dyn,rny429dyn
byr,byr
of1o,of1o
rzbfu3j82c,rzbfu3j82c
bfr,bfr
trn5d0p,tn5d0p
1dhzbxesap,1dhzbxesa
b3ygpt,b3ygpt
ishgmor,ishgmor
oknxj7,oknxj7
4q9rg,4q9rg
bzkozb67fs,bzkozb67f8
tkx4,tkx4
jtb,jtb
ybsxzmw,ybsxzmw
laenw9zrkv,laenw9zrkw
lhozbgusp6,lhozbgusp8
qg98,qg98
oyj7,oyj7
6yj69azg1,6yj69azg1
tohy5zlb,tohy5zlb
u9c2rn4joh,u9c2rn4joh
th3k3mqr,th3k3mqr
tyi,tyi
59096azb,59096azb
ddwprdgiw,ddwprdgiw
hr26bbt,hr26bbt
r6duss1k,r6duss1k
mxg6jhm1ee,mxg6jhm1
08qf,08qf
utocih5lu,utocih5lu
lpn03thyn,lpn03thyn
5dgoi0hqx,5dgoi0hqx
5inb,5inb
d8g,d8g
h7kv8qa,h7kv8qa
awi6ow,awi6ow
xbm9xlk,xbm9xlk
bt2qyccl,bt2qyccl
mb3j,mb3j
i6rx,i6rx
su49pudaku,su49pudak
j73ebxcb,j73ebxcb
f3jt3d,f3jt3d
f9imqx,f9imqx
hq4if74,hq4if74
u4jy,u4jy
gajjig,gajig
dfh,dfh
qx42okkri,qx42okkri
r7h56,r7h56
oijn2cawul,oijn2cawul
5boym6too8,5boym6tod
6c7251h5z3,6c7251h5z
x54v4yft6,x54v4yft6
6dl,6dl
bd24u,bd24u
fgz4ou,fgz4ou
j7r2sbpq5z,j7r2sbpq5z
zhme91sar,zhme91saw
axegvs,axegvs
cnksvi,cnksvi
ayf,ayf
wh7fi52yw,wh7fi52yw
943sio0zo,943sio0zo
uvv6d,uvv6d
gxruo44iz,gxruo44iz
bj9qmigu,bj9qmigu
w03ilt6i,w03ilt6i
582k0pl98,582k0pl98
kk098infm,kk098infm
ro2,ro2
k7ba6a67w,k7ba6a67w
gjxsyj6v,gjxsyj6v
9bai2zonhn,9bai2zonhw
5j5o0kk9r,5j5o0kk9r
448dbb,448dbb
6v6iw9v7p0,6v6iw9v7p
ljtkijfti,ljtkijfti
if8,if8
azikaj,azikaj
16e2zu5,16e2zu5
ia9zwrg,ia9zwrg
8qww,8qww
036,036
lkfa3dwdu7,lkfa3dwdu7
rnubjxm,rnubjxm
0of717mw,0of717mw
j1sn1,j1sn1
oru,oru
z9h2l,z9h2l
dx8d,dx8d
qi3uq7,qi3uq7
rn0rwyu,rn0rwyu
f0ka3,f0ka3
21lufw,21lufw
537jj9s8,537j9s8
0pzrq,0pzrq
7ubwa,7ubwa
azcsb,azcsb
mkxu1,mkxu1
y6nz049,y6nz049
z9bxo6xjz,z9bxo6xjz
y828yfzcam,y828yfzcan
l13aqlc4oh,l13aqlc4oh
f58tdlsw,f58tdlsw
mlgck68,mlgck68
dar,dar
zemcu9j2,zemcu9j2
q20b3xp,q20b3xp
j79s3qwl,j79s3qwl
zy9,zy9
f3udvr,f3udvr
9qjf0xkdk,9qjf0xkdk
y67,y67
atn5iarik,atn5iarik
om0yld3z,om0yld3z
s078q7,s078q7
6u5j9,6u5j9
1c4z4kb6y,1c4z4kb6y
1okasrfuqm,1okasrfuqn
i3q1,i3q1
sbybpcu,sbybpcu
7eh,7eh
f1qz68zi6d,f1qz68zi6d
zhp0m5jj,zhp0m5j
6uwn52q9zt,6uwn52q9b
jey4n,jey4n
n3g872bge,n3g872bge
e1i,e1i
m6vnkz1vez,m6vnkz1ve
vbt3o,vbt3o
t0mf0,t0mf0
j3l5,j3l5
pak07yoe,pak07yoe
qeshn,qeshn
42mbyfzwp,42mbyfzwp
wyj,wyj
7fd,7fd
gihehdl,gihehdl
0nedf3xxij,0nedf3xxij
b630mwt8eb,b630mwt8w
hjv184eqg0,hjv184eqgw
oso,oso
txxm42c1f,txxm42c1f
arx6,arx6
k1o,k1o
5ztvg5tfa,5ztvg5tfa
vhw,vhw
e7sk,e7sk
junny34,junny34
rsxq3,rsxq3
y3ycu,y3ycu
2hk,2hk
ha56mgqk,ha56mgqk
mt95xt,mt95xt
ze5nvc8o,ze5nvc8o
dkofsj,dkofsj
sr9y,sr9y
i30r5b4f4p,i30r5b4f4p
3ibiw,3ibiw
yitnjs4y,yitnjs4y
0ip,0ip
1z4y,1z4y
eu4bjqp5,eu4bjqp5
ibf,ibf
37lmo,37lmo
5mbxmcg,5mbxmcg
oiwojodu,oiwojodu
dbgjs7wgy,dbgjs7wgy
gce0,gce0
7fdgn,7fdgn
exqdwzxivz,exqdwzxivt
bkg6bq9pc,bkg6bq9pd
v7i4vvng,v7i4vvng
izmd,izmd
i76ldi7gjx,i76ldi7gjx
20zh,20zh
r6lg7,r6lg7
gkbxx7a7,gkbxx7a7
3xxf8,3xxf8
dp8w8nlthe,dp8w8nlthe
b4vql1qtyt,b4vql1qtyt
83s85nb3ve,83s85nb3w
blqj,blqj
0x8h4xi5,0x8h4x5
o6cb,o6cb
7mucvv3f,7mucvv3f
ilu5,ilu5
mtr,mtr
69lxnr,69lxnr
u06m72l,u06m72l
eg6b,eg6b
kv65ntbmg,kv65ntbmg
r2judmvbay,r2judmvba
z5h0z6d8y7,z5h0z6d8y
gb1ji8w0u,gb1ji8w0u
p3mx2w,p3mx2w
ad5,ad5
vssaexk4p,vssaexk4p
dwn,dwn
iqtmqa9ntl,iqtmqa9ntl
8m1ztx2u2,8m1ztx2u2
3fx5hip,3fx5hip
6aurgbcxw,6aurgbcxw
8rt1fyrcm,8rt1fyrcm
4us653w,4us653w
rr3,r3
8eymnum,8eymnum
7ksqkm2x,7ksqkm2x
2xpt2wj,2xpt2wj
zt7wr0xjn,zt7wr0xjn
wgeu0,wgeu0
fegr3z887,fegr3z887
dl4jn08zr,dl4jn08zr
e5be7p5dg,e5be7p5dg
6o5cx5,6o5cx5
9nxaqko98d,9nxaqko98
pjibg5k,pjibg5k
0z6,0z6
45uifa5m,45uifa5m
f6esk1vv,f6esk1vv
sff,sf
0ux1,0ux1
t97dk,t97dk
mxk,mxk
joucgsda,joucgsda
3uj,3uj
8e4ngo7c2n,8e4ngo7c2
hvuni6hvic,hvuni6hvic
63xg0q,63xg0q
fuc3,fuc3
4i5,4i5
5bgogjukr,5bgogjukr
x4z,x4z
tk5q,tk5q
vmrd,vmrd
ycye12den,ycye12denm
06uips7fob,06uips7fob
b9d8y39,b9d8y39
xy9,xy9
hkigdlv3,hkigdlv3
s7zc,s7zc
hu7g,hu7g
qgfyoi,qgfyoi
m6cqp0v,m6cqp0v
xn3v2k6u,xn3v2k6u
dzfk,dzfk
ym5,ym5
od8rx,od8rx
90x,90x
wobub,wobub
hikwmsr,hikwmsr
6uhtrjy8,6uhtrjy8
xex513,xex513
syivp,syivp
7vabnhtw,7vabnhtw
opwaa9a,opwaa9a
sx1,sx1
r62a,r62a
99n758nw,99n758nw
kjsy9i611v,kjsy9i611v
7abjvz2,7abjvz2
1os,1os
frdqa,frdqa
37x,37x
g5t6gt34g,g5t6gt34g
9j83,9j83
f1i9xiayqz,f1i9xiayqz
yezx971ua,yezx971ua
hwejh,hwejh
ehm2cm61,ehm2cm61
u14pfoqn2,u14pfoqn2
4ow9mfxl,4ow9mfxl
ok9v,ok9v
uz5,uz5
c84h,c84h
vfddci2,vfddci2
0ugffb9,0ugfb9
tq849,tq849
y6lo6i3n,y6lo6i3n
fye,fye
etx87l0u8,etx87l0u8
el2p52,el2p52
fqh,fqh
c6vs,c6vs
sjd6kslmn1,sjd6kslmn1
1ld38wmz,1ld38wmz
ye7,ye7
41dt6fiq,41dt6fiq
08rkcz38,08rkcz38
okcj,okcj
k0beirk,k0beirk
zelo56p39j,zelo56p39j
ecbeubkp8u,ecbeubkp8
12f1o,12f1o
5ie6ue,5ie6ue
5kc3y5qul,5kc3y5qul
wcvqp7f,wcvqp7f
z18x6xeznz,z18x6xeznm
6ybu,6ybu
zjsdxs,zjsdxs
gi2j9v6h,gi2j9v6h
v5ys7jwiiv,v5ys7jwiv
af1dx,af1dx
4ms3wy7s,4ms3wy7s
346n,346n
uozk,uozk
rv3,rv3
2gu948w,2gu948w
qmnqz,qmnqz
1zicl,1zicl
dkonm,dkonm
domwfmimsx,domwfmim
byqcmpc0b,byqcmpc0b
c53wwis19b,c53wwis19
6j79pap4,6j79pap4
4p9rw,4p9rw
ta3pve3mis,ta3pve3mi
yibffip1v,yibffp1v
ax957x5,ax957x5
4v5vd6k1c,4v5vd6k1c
acd4dd1,acd4dd1
odl7cjds5f,odl7cjds5f
3exlc2i,3exlc2i
7r8y5p1iu,7r8y5p1iu
4zs8ppr,4zs8ppr
i7hl5,i7hl5
97joyjis2z,97joyjs2z
qhvk,qhvk
3gyi,3gyi
nigw6i9,nigw6i9
1fo1,1fo1
lir0,lir0
zgekb8f9,zgekb8f9
jggjz,jggjz
qsbs0x,qsbs0x
imwd,imwd
cawhgxs7,cawhgxs7
21xb,21xb
osuj1bovpa,osuj1bovpa
gnjyi0,gnjyi0
k5jds,k5jds
ulzsgj5,ulzsgj5
t2vr,t2vr
9o0r,9o0r
wgoyfg,wgoyfg
7vz8d,7vz8d
3kg5bk,3kg5bk
jnqo8qg,jnqo8qg
ev6ae,ev6ae
tkfxy,tkfxy
3u6pd,3u6pd
94n,94n
afptzpfx,afptzpfx
sbn8au5b,sbn8au5b
coo73ed7,coo73ed7
0on1055cd2,0on1055cd
tzoblmy6,tzoblmy6
r4hdba,r4hdba
vs3q7vjniv,vs3q7vjniv
meefrbpv,meefrbpv
onwbsivjy,onwbsivjy
rxsorc8zoq,rxsorc8zod
h5g5pqq5,h5g5pqq5
w8e,w8e
m6hzx,m6hzx
6hx0fufq,6hx0fufq
zc7og0n7,zc7og0n7
qmqqgid1vh,qmqqgid1w
e1xqc3,e1xqc3
gi4qzt8z4u,gi4qzt8z4u
1w30t0,1w30t0
vczpuhn,vczpuhn
dsbdg91,dsbdg91
f5fqy,f5fqy
0v8n5,0v8n5
2t2sbp,2t2sbp
47663zourl,47663zour
46pp,46pp
lzeqv2715,lzeqv2715
n8nb6ut0e,n8nb6ut0e
6utd9rw5j,6utd9rw5j
bv4ca,bv4ca
shd0p96,shd0p96
vhrga0,vhrga0
g7n,g7n
yqd0t,yqd0t
w4i14t5oo,w4i14t5oo
xr2w76q,xr2w76q
nad,nad
q5t,q5t
cjpzlvj4rt,cjpzlvj4rt
0noax,0noax
dqx,dqx
gl0ur6lb0n,gl0ur6lb0n
f7bvcpw71,f7bvcpw71
webnlrj,webnlrj
dnk1d,dnk1d
gfue,gfue
atcw,atcw
jculkd,jculkd
ss7ixr,ss7ixr
k6jfxw94,k6jfxw94
8ut,8ut
x3qtl7rj,x3qtl7rj
a0nwu6qhv,a0nwu6qh
p3jo9q58u0,p3jo9q58u
a79hh4,a79hh4
ufw78q8,ufw78q8
y0inarez1m,y0inarez1n
9jr4brmn4l,9jr4brmn4l
le63tpja0,le63tpja0
t0h3o,t0h3o
osad5wc6xa,osad5wc6s
zmb52h1p,zmb52h1p
9azuni7sqp,9azuni7sqp
wsn,wsn
288d,288d
2ej,2ej
x7szcfhdp,x7szcfhdp
8n8449lpgk,8n8449lpg
q5v,q5v
pid,pid
aj373h,aj373h
70rnv8vx0,70rnv8vx0
g2h86qyjwt,g2h86qyjw
vbt4l,vbt4l
k8k,k8k
irp3hc,irp3hc
vcdn53,vcdn53
numd104,numd104
7r2qhb,7r2qhb
pa9bn,pa9bn
gnuc,gnuc
c8fm,c8fm
vfbq,vfbq
b8zhqfg,b8zhqfg
pttvv1vl,pttvv1vl
wv51z9l,wv51z9l
l5620qq8,l5620qq8
cmnptjanw,cmnptjanw
50v6zr1,50v6zr1
avfchk,avfchk
woe,woe
4iztzn5m,4iztzn5m
nhje56c,nhje56c
d59r,d59r
a38516nu,a38516nu
m6u,m6u
n34xn,n34xn
9jqe,9jqe
e39soj,e39soj
iap4hu5f,iap4hu5f
mv42vbzcg,mv42vbzcg
31b,31b
cu5d5dpo,cu5d5dpo
sfuz,sfuz
z3mwywa6a5,z3mwywa6
a4k36afyi,a4k36afyi
2v7q,2v7q
p88b9e18,p88b9e18
p80w9jcckh,p80w9jcckl
miq85dmus,miq85dmu
h463c56q,h463c56q
5cy5,5cy5
egi,egi
ztulii,ztuli
h5mkpf,h5mkpf
pf3txxt7,pf3txxt7
q8yawhg9x,q8yawhg9z
c16ymk7d,c16ymk7d
xhmmjz,xhmmjz
euw9,euw9
cdm4w,cdm4w
tnfv8zaygw,tnfv8zaygw
aj96ptl,aj96ptl
tplv,tplv
6pn,6pn
34obf,34obf
e49,e49
24myevpf,24myevpf
0vsyrn5z98,0vsyrn5z98
6jm0tt8f0,6jm0tt8f0
5eg2,5eg2
2kko,2kko
yl80,yl80
kdpwcc,kdpwcc
tekls3eo0,tekls3eo0
obn7sok2ew,obn7sok2e
6y1td32ai,6y1td32ai
lieb,lieb
dyxq,dyxq
42an8f,42an8f
pdnsn,pdnsn
shqe863sll,shqe863sl
ai6i323g,ai6i323g
13b1j,13b1j
vtu9a,vtu9a
msi4,msi4
s8vvfz8jh2,s8vvfz8jh2
10s7w,10s7w
nv0,nv0
hiwz377t,hiwz377t
rer7027gdb,rer7027gdb
52aqay,52aqay
d6l,d6l
cuekf,cuekf
2oj,2oj
ed1auk3,ed1auk3
1wwnzk6,1wwnzk6
j05e4p3gi,j05e4p3gi
3d1,3d1
3ekivs7,3ekivs7
ahow4,ahow4
yv1ig,yv1ig
9jdknw,9jdknw
27tsy7,27tsy7
jsfre2d2,jsfre2d2
pybznxhrnw,pybznxhrmw
t0qsd3fla8,t0qsd3fla8
md9vtp9,md9vtp9
7himus8op,7himus8op
oyojak,oyojak
t3ca,t3ca
bdl30nli,bdl30nli
9gu2,9gu2
o71820,o71820
vsngx7,vsngx7
2d2snf34y,2d2snf34y
0zn9m,0zn9m
58cie57vkj,58cie57vkj
dyi,dyi
7dp5vepp,7dp5vepp
us4qity,us4qity
olc4ncc7rz,olc4ncc7rz
fm8s,fm8s
ihyx,ihyx
jmw21cg,jmw21cg
p1yt23ni,p1yt23ni
bhjytfudra,bhjytfudra
s0v,s0v
1ox18,1ox18
49nt,49nt
9uwol0,9uwol0
1eu7zjd,1eu7zjd
ypzljhm,ypzljhm
jifa4lq48c,jfa4lq48c
2gwy0,2gwy0
837og8k,837og8k
fovy,fovy
mot,mot
y8763y,y8763y
wyf31pvxpe,wyf31pvxp
byp65vc,byp65vc
wgnfvt88n,wgnfvt88n
ddvcrg,ddvcrg
mvedslo,mvedslo
v1l8w1ra9,v1l8w1ra9
tpotwv502,tpotwv502
81758a957,81758a957
web06,web06
s8l,s8l
9nm29r,9nm29r
d09e,d09e
lha,lha
bz1n80rd,bz1n80rd
8onv2nl1,8onv2nl1
d6pr4l,d6pr4l
hm598f,hm598f
emxnm5ki,emxnm5ki
u55euy,u55euy
qea178mwi,qea178mw
140xi6e0,140xi6e0
uabsee,uabsee
mett44z,met44z
s1l6tb8i,s1l6tb8i
fp6gpp,fp6gpp
0wc9sg,0wc9sg
5uvr7,5uvr7
5s9,5s9
fluy0s42ed,fluy0s42ed
iy7tmigpus,ijy7tmigpus
365zg,365zg
e9lhtiwsi,e9lhtiwsi
ttslvx,tslvx
augiiusy2g,augiusy2g
29hh8,29hh8
uwejxnx8,uwejxnx8
iqvz1dffgl,iqvz1dfgl
mg2511mudz,mg2511mu
hy2wi,hy2wi
fmbm,fmbm
0py4eh3,0py4eh3
j3vqgd,j3vqgd
w4c16zd2,w4c16zd2
pqoa,pqoa
e78tcn,e78tcn
uhcjd,uhcjd
tt4e7,t4e7
8cfqzlo,8cfqzlo
y78udtes,y78udtes
hrcaerbax,hrcaerbax
oinvjw8gx,oinvjw8gx
ovgio,ovgio
s9ffr8kxw,s9fr8kxw
zu547d6q,zu547d6q
f47jz,f47jz
25zk7cav,25zk7cav
se4dts1,se4dts1
0r1,0r1
o8wt,o8wt
l2ewm5uk,l2ewm5uk
chvatez,chvatez
a28,a28
q4ntsp4fp,q4ntsp4fp
t0p49ax,t0p49ax
2mpio2ldyp,2mpio2ldyp
l42pewmp,l42pewmp
cwh1q,cwh1q
uwxskbrtf,uwxskbrtf
omhl,omhl
4vrtlj9,4vrtlj9
c4uqixadtj,c4uqixadtj
r3d,r3d
58ardh87n,58ardh87nm
ypb703i8l,ypb703i8l
d2yud,d2yud
h96lrtcr,h96lrtcr
gopma,gopma
spnqbsrufh,spnqbsrufh
icaq9ragh,icaq9ragh
7o1z4n0h,7o1z4n0h
k677g2b,k677g2b
mstfou7,mstfou7
b9r8uklmu,b9r8uklmu
l7nx5ynl,l7nx5ynl
ok2w6azg,ok2w6azg
9ve6hjug,9ve6hjug
oo6iy0ks,oo6iy0ks
zvd,zvd
rj10,rj10
w1l7i,w1l7i
4h4khhcn,4h4khhcn
o2mecd28f,o2mecd28
96120h,96120h
8hknug,8hknug
kuxz,kuxz
s98i,s98i
24kmmgr,24kmmgr
ma41u,ma41u
167tu47p,167tu47p
yfmizrap,yfmizrap
3hk8,3hk8
fqunpygvk,fqunpygvk
uc77vw1gu4,uc77vw1gu
kxa2cq2f,kxa2cq2f
v73knt8,v73knt8
v9e3qip,v9e3qip
kgt3rfb,kgt3rfb
o0h2pfdp,o0h2pfdp
50h,50h
unfx4n7wz,unfx4n7wz
05z5k,05z5k
08f88ioc,08f88ioc
i14b,i14b
qyjgeu08zh,qyjgeu08zh
wg50nzxr5i,wg50nzxr5
tsd2kz8,tsd2kz8
wqpgh83vzo,wqpgh83vz
mobgz9pnks,mobgz9pn
sn4,sn4
rsn2gg,rsn2gg
molkxiu,molkxiu
q03,q03
zh187mhsb,zh187mhsl
ht5dvlz,ht5dvlz
lxh97u,lxh97u
dbdgc0blyk,dbdgc0blyl
k9lcwijqb2,k9lcwjqb2
ig8x94,ig8x94
l1e8w8mb,l1e8w8mb
mtkgxhzw4,mtkgxhzw4
5hh87jjvt1,5hh87jvt1
9b0v,9b0v
103,103
v994qk2pa,v994qk2pa
gh72,gh72
ox2m,ox2m
rvlrgwlh2,rvlrgwlh2
08iiv,08iv
ccy,ccy
xym4,xym4
g7lrzgv80,g7lrzgv80
oheu6hgn67,oheu6hgn8
wkxi0n1v5,wkxi0n1v5
svio,svio
646,646
g8hhzy3ke,g8hhzy3ke
vbt0ykad,vbt0ykad
54usia,54usia
rey7qyxmn,rey7qyxmn
gue13a,gue13a
18hq8pnv,18hq8pnv
0van0rgq6,0van0rgq6
9gihpv,9gihpv
cggbbia8g3,cggbbia8g0
cjh,cjh
tek95u,tek95u
g9uwr5d5,g9uw5d5
deh,deh
8wby,8wby
5mx,5mx
ic0l,ic0l
yq7t9b,yq7t9b
gidtum,gidtum
ux2bmy,ux2bmy
sr46l,sr46l
ti7m8rc,ti7m8rc
c312oo203,c312oo203
4ijs,4ijs
nxdu8,nxdu8
bwsrxl,bwsrxl
jxu6,jxu6
417t0,417t0
0uozeukfi,0uozeukfi
rwrcz6nb,rwrcz6nb
5tmgbzi1,5tmgbzi1
bghp4,bghp4
ry65yvkp2,ry65yvkp2
3imp1o,3imp1o
1zcd03,1zcd03
gb0,gb0
2t9au,2t9au
x8nco9z2f,x8nco9z2f
matromch,matromch
j9652,j9652
h9yafraxul,h9yafraxul
1t8sio,1t8sio
5zsm1,5zsm1
7txb,7txb
48270yz3o7,48270yz3d
dcye,dcye
sl7qw,sl7qw
btfxic2wf,btfxic2wf
9g06n7oz1,9g06n7oz1
6rbfccv,6rbfccv
d625f2cq7l,d625f2cq7
8prd6,8prd6
aw0orb2m5l,aw0orb2m
9o1,9o1
u3bb1,u3bb1
jto2x,jto2x
jrj7,jrj7
54cejfdy9q,54cejfdy9q
kwnqt8fu7,kwnqt8fu7
kq2b7ec,kq2b7ec
2tkykzs08c,2tkykzs08d
90ty,90ty
ohudw,ohudw
xgs4,xgs4
vestl706,vestl706
tmd,tmd
sdyqdhuxu,sdyqdhuxu
hktayt02,hktayt02
bed3,bed3
agb18znf8,agb18znf8
xmkvwkoypn,xmkvwkoyy
jt6me6my,jt6me6my
ir2,ir2
ulporqg79s,ulporqg79s
gmdhh5,gmdhh5
w6cfu,w6cfu
ayerhfb,ayerhfb
t67gnhudr,t67gnhudr
jli,jli
3cgwg,3cgwg
x9fhha,x9fhha
3muuz,3muuz
sbdgctuk8,sbdgctuk8
kxmew2hlz,kxmew2hlz
1og,1og
g3lk45m8,g3lk45m8
wthfegxnb8,wthfegxnb8
0ndh1,0ndh1
47uxva0m,47uxva0m
ibpk,ibpk
i493qenud,i493qenud
etpme,etpme
of63,of63
kiy9spajk,kiy9spajk
hza3a116h,hza3a116h
8css7,8css7
8bfp1rueaw,8bfp1rueaw
3r30k8qv,3r30k8qv
ovr1,ovr1
zeniq,zeniq
jmoarm4,jmoarm4
3yx0am1,3yx0am1
q8jo,q8jo
es4p,es4p
urlyqd,urlyqd
3ffjrytpx,3fjrytpx
yi8xi1v4x,yi8xi1v4x
sqogn5x458,sqogn5x45
5x6drv53,5x6drv53
1b5j7s3vk,1b5j7s3vk
gwc3r8m,gwc3r8m
mx7p65e8g,mx7p65e8
0gqu,0gqu
27pk,27pk
52yle6,52yle6
67osl9o,67osl9o
y4lpnei1u,y4lpnei1u
vpb41b0,vpb41b0
oyf,oyf
nzfjkmbxdq,nzfjkmbxdq
nat,nat
r6p6ypl,r6p6ypl
z8at,z8at
esh2mp07sh,esh2mp07
rjlr,rjlr
l76,l76
e4mcob,e4mcob
aq485,aq485
msvud,msvud
jv9i0z1e4,jv9i0z1e4
iocilwfc9y,iocilwfc9y
6xrrx,6xrrx
tbcxi,tbcxi
9zyebmc6md,9zyebmc6t
7z0g6,7z0g6
vy1lp,vy1lp
hn6ueh,hn6ueh
rsd9b,rsd9b
lyczbqdq,lyczbqdq
y4t7vgw,y4t7vgw
11dh3lvqe,11dh3lvqe
qu04,qu04
okxiu,okxiu
wu5c3stm,wu5c3stm
e3jqtlab,e3jqtlab
5nkp,5nkp
fhapvm0j,fhapvm0j
qp71uyfzew,qp71uyfzew
javnt,javnt
wltovm69a,wltovm69a
2z87zdzs5,2z87zdzs5
3l640me38,3l640me38
423zul3nd,423zul3nd
82i2,82i2
3oxp,3oxp
nr1dg,nr1dg
hen5kda1,hen5kda1
9fi3ap4e,9fi3ap4e
krwoqfydu0,krwoqfydu0
mwz,mwz
b49xt,b49xt
8kh,8kh
9zk,9zk
0cpu,0cpu
8ymdwar6s7,8ymdwar68
m2ro8kms2s,m2ro8kms
mvtgos33ni,mvtgos33n
7dnx6uz,7dnx6uz
rxpb4k,rxpb4k
9uzr,9uzr
h7e,h7e
t1fyzcyh,t1fyzcyh
su4hm5,su4hm5
hwes,hwes
ij2k,ij2k
u1ftevhn8h,u1ftevhn8h
jpy5mjah84,jpy5mjah84
m8vb493sj,m8vb493sj
zmpeigjz,zmpeigjz
3hn68bgeky,3hn68bgek
77ua,77ua
skv8va4j,skv8va4j
5j92ej,5j92ej
qpga,qpga
0k0ubscjd,0k0ubscjd
tfbns,tfbns
a6pmjuv,a6pmjuv
l8g,l8g
45o,45o
3rondqdr,3rondqdr
le8d0euwj,le8d0euwj
6ejuw5fa,6ejuw5fa
c2nx6j,c2nx6j
lfkd23,lfkd23
gf2,gf2
fkq7asyh0,fkq7asyh0
xbtr,xbtr
ctmx,ctmx
bb0,bb0
uzxp2j,uzxp2j
i0p1kx,i0p1kx
j6kw2u,j6kw2u
t0ijsv6,t0jsv6
um6a34,um6a34
8bhsg8,8bhsg8
0ij,0ij
bvoxk7so,bvoxk7so
y9m0v4,y9m0v4
81u5,81u5
fx2a2pj,fx2a2pj
5f0vdj,5f0vdj
r3rcx,r3rcx
8b52x0zd,8b52x0zd
xpxs5ely,xpxs5ely
jlwy,jlwy
4qlfo,4qlfo
y7rf8akuv5,y7rf8akuv5
yjt6pe,yjt6pe
vamp,vamp
55l7y4gi,55l7y4gi
ksoozz,ksoozz
ohkjp5f0id,ohkjp5f0id
19h0s4snd,19h0s4snd
lmwm2,lmwm2
odk,odk
l66,l66
qrl5,qrl5
qlbvng9m,qlbvng9m
h7w82ev,h7w82ev
lr8a2xpwg4,lr8a2xpwg4
6xoo,6xoo
8m1gm7aah,8m1gm7aa
jmn4zgt7,jmn4zgt7
p2ii,p2i
ixs1g,ixs1g
xwbbp3,xwbbp3
hp3g2p0,hp3g2p0
e41,e41
px3lvr,px3lvr
dpnobk,dpnobk
str04be7l,str04be7l
lp761,lp761
37zcyp0nfv,37zcyp0nf
lmw6kf,lmw6kf
l1wj2w4tn,l1wj2w4tn
cwnx,cwnx
vkfs,vkfs
euzd,euzd
el9ls0,el9ls0
x6k6,x6k6
nhixvmmxk2,nhixvmmxk
a10r718,a10r718
h992,h992
tpc2,tpc2
q44zay,q44zay
es7e13n,es7e13n
y7gqwvr2,y7gqwvr2
3n6sr,3n6sr
p7b,p7b
b5byp2xgd,b5byp2xgd
830,830
weggh,weggh
77nmzwe,77nmzwe
ieafu44xm,ieafu44xm
4ckq,4ckq
9hf75,9hf75
2gz,2gz
bmfucmb,bmfucmb
jltmitdw,jltmitdw
8tp,8tp
84nograv,84nograv
fqt7gck,fqt7gck
wig,wig
z75do,z75do
jvueouf1,jvueouf1
yijj,yjj
y0x,y0x
dkb872u,dkb872u
u77,u77
1itwn7,1itwn7
4jog,4jog
gc2,gc2
c35jasj6,c35jasj6
09e2j9atr,09e2j9atr
713v0b,713v0b
ppscp,ppscp
0cfuybm0lf,0cfuybm0lf
k8bavyw7,k8bavyw7
tg9n,tg9n
jnc9nwxovo,jnc9nwxovw
tmfjs8uc,tmfjs8uc
o5ge9ovvd,o5ge9ovvd
a0a,a0a
2tpco6391k,2tpco6391
11p4y753i,11p4y753i
zxl104,zxl104
3qtr,3qtr
0c6w04d,0c6w04d
hz4oc,hz4oc
e0vp1hwbj,e0vp1hwbj
sjp,sjp
d0t8t93,d0t8t93
6ucgqes7e,6ucgqes7e
x8vqidxk,x8vqidxk
ua814e,ua814e
apltzy,apltzy
5b7v,5b7v
0e83pv,0e83pv
huujzd66q,huujzd66q
5ml,5ml
eh8za,eh8za
d2zx,d2zx
tewi7,tewi7
x0mjh,x0mjh
u65,u65
mq2n,mq2n
rogx36cjby,rogx36cjby
80ommmz2co,80ommmz
1hxm5hvzhr,1hxm5hvzh
swj,swj
z8ws,z8ws
676f6n1,676f6n1
kai1yx,kai1yx
t26c169,t26c169
zgi,zgi
ach7,ach7
vghdpt,vghdpt
s74q6tohlp,s74q6tohlp
3bt,3bt
o46sggim,o46sggim
2ta8uvjn,2ta8uvjn
h3qymy5408,h3qymy54
s0fdef,s0fdef
